,College Names,Degress,Course,City,State,Rating for 5,Rank,Total Rank,Year of Rank,Fees in Ruppes,Average Package,Highest Package,Approved
0,Shri Ram College of Commerce,B.Com,B.Com {Hons.}, New Delhi, Delhi NCR,4.3,1,317,2025,"₹ 1,25,080","9,90,000","36,00,000",AICTE 
1,Hindu College,B.Com,B.Com {Hons.}, New Delhi, Delhi NCR,4.2,2,317,2025,"₹ 86,010","8,40,000","36,50,000",UGC 
2,Lady Shri Ram College for Women,B.Com,B.Com {Hons.}, New Delhi, Delhi NCR,4.3,3,317,2025,"₹ 71,260","12,18,000","45,00,000","UGC, MHRD "
3,Hansraj College,B.Com,B.Com {Hons.}, New Delhi, Delhi NCR,4.2,4,317,2025,"₹ 91,715","9,00,000","23,00,000",UGC 
4,Loyola College,B.Com,B.Com, Chennai, Tamil Nadu,4.3,5,317,2025,"₹ 95,400","6,34,000","22,50,000",UGC 
5,Kirori Mal College,B.Com,B.Com {Hons.}, New Delhi, Delhi NCR,4.2,6,317,2025,"₹ 68,220","10,80,000","24,80,000",
6,Narsee Monjee College of Commerce and Economics,B.Com,B.Com Financial Markets, Mumbai, Maharashtra,4.1,7,317,2025,"₹ 2,25,000","6,10,000","22,55,000",AICTE 
7,Ramjas College,B.Com,B.Com {Hons.}, New Delhi, Delhi NCR,4,8,317,2025,"₹ 48,784","7,40,000","23,05,000",
8,Madras Christian College,B.Com,B.Com, Chennai, Tamil Nadu,4.3,9,317,2025,"₹ 83,760","2,31,200","3,00,000",UGC 
9,Sri Venkateswara College  Delhi,B.Com,B.Com {Hons.}, New Delhi, Delhi NCR,4.2,10,317,2025,"₹ 69,065","5,53,000","21,50,000",UGC 
10,Sri Guru Tegh Bahadur Khalsa College,B.Com,B.Com {Hons.}, New Delhi, Delhi NCR,3.9,11,317,2025,"₹ 95,355","5,80,000","23,05,000",
11,Daulat Ram College,B.Com,B.Com {Hons.}, New Delhi, Delhi NCR,3.9,12,317,2025,"₹ 1,03,800","6,00,000","23,05,000",UGC 
12,Sri Guru Gobind Singh College of Commerce,B.Com,B.Com {Hons.}, New Delhi, Delhi NCR,4.1,13,317,2025,"₹ 1,10,610","5,30,000","23,00,000",
13,Christ University,B.Com,B.Com Accounting And Finance, Bangalore, Karnataka,4.1,14,317,2025,"₹ 5,63,000","7,00,000","32,00,000","AICTE, UGC, NBA "
14,Jesus and Mary College,B.Com,B.Com {Hons.}, New Delhi, Delhi NCR,4,15,317,2025,"₹ 84,240","6,00,000","23,05,000",
15,Atma Ram Sanatan Dharma College,B.Com,B.Com {Hons.}, New Delhi, Delhi NCR,3.9,16,317,2025,"₹ 57,090",,,UGC 
16,St. Joseph's College of Commerce,B.Com,B.Com International Accounting and Finance, Bangalore, Karnataka,4.1,17,317,2025,"₹ 6,62,800","5,35,000","30,00,000","UGC, ACCA "
17,Indraprastha College for Women,B.Com,B.Com {Hons.}, New Delhi, Delhi NCR,3.9,18,317,2025,"₹ 1,01,175","7,03,000","23,05,000",
18,Mithibai College of Arts,B.Com,B.Com Accounting And Finance, Mumbai, Maharashtra,4.1,19,317,2025,"₹ 1,77,000",,"12,88,000","AICTE, UGC "
19,Gargi College,B.Com,B.Com {Hons.}, New Delhi, Delhi NCR,4.1,20,317,2025,"₹ 82,825","5,25,000","23,05,000",UGC 
20,St. Xavier's College,B.Com,B.Com {Hons.}, Kolkata, West Bengal,4.1,21,317,2025,"₹ 2,73,600",,"36,00,000",UGC 
21,Shaheed Bhagat Singh College,B.Com,B.Com {Hons.}, New Delhi, Delhi NCR,3.9,22,317,2025,"₹ 62,625","5,61,000","23,05,000",
22,Delhi College of Arts and Commerce,B.Com,B.Com, New Delhi, Delhi NCR,4,23,317,2025,"₹ 40,200","1,83,333","22,00,000",UGC 
23,Maitreyi College,B.Com,B.Com, New Delhi, Delhi NCR,3.9,24,317,2025,"₹ 49,161","5,70,000","24,80,000",
24,Christ University (Lavasa Campus),B.Com,B.Com Financial Analytics, Pune, Maharashtra,4.3,25,317,2025,"₹ 5,63,000",,"15,00,000",AICTE 
25,College of Vocational Studies,B.Com,B.Com {Hons.}, New Delhi, Delhi NCR,3.7,26,317,2025,"₹ 75,200","5,00,000","23,05,000",
26,Kamala Nehru College,B.Com,B.Com, New Delhi, Delhi NCR,4,27,317,2025,"₹ 59,400",,"21,50,000",
27,RA Podar College of Commerce and Economics,B.Com,B.Com, Mumbai, Maharashtra,3.9,28,317,2025,"₹ 33,675",,,
28,Dyal Singh College,B.Com,B.Com {Hons.}, New Delhi, Delhi NCR,3.9,29,317,2025,"₹ 39,995",,"23,50,000",
29,Aryabhatta College,B.Com,B.Com {Hons.}, New Delhi, Delhi NCR,3.8,30,317,2025,"₹ 63,660","5,30,000","9,00,000",UGC 
30,St. Xavier's College,B.Com,B.Com {Hons.}, Kolkata, West Bengal,4.1,21,317,2025,"₹ 2,73,600",,"36,00,000",UGC 
31,Shaheed Bhagat Singh College,B.Com,B.Com {Hons.}, New Delhi, Delhi NCR,3.9,22,317,2025,"₹ 62,625","5,61,000","23,05,000",
32,Delhi College of Arts and Commerce,B.Com,B.Com, New Delhi, Delhi NCR,4,23,317,2025,"₹ 40,200","1,83,333","22,00,000",UGC 
33,Maitreyi College,B.Com,B.Com, New Delhi, Delhi NCR,3.9,24,317,2025,"₹ 49,161","5,70,000","24,80,000",
34,Christ University (Lavasa Campus),B.Com,B.Com Financial Analytics, Pune, Maharashtra,4.3,25,317,2025,"₹ 5,63,000",,"15,00,000",AICTE 
35,College of Vocational Studies,B.Com,B.Com {Hons.}, New Delhi, Delhi NCR,3.7,26,317,2025,"₹ 75,200","5,00,000","23,05,000",
36,Kamala Nehru College,B.Com,B.Com, New Delhi, Delhi NCR,4,27,317,2025,"₹ 59,400",,"21,50,000",
37,RA Podar College of Commerce and Economics,B.Com,B.Com, Mumbai, Maharashtra,3.9,28,317,2025,"₹ 33,675",,,
38,Dyal Singh College,B.Com,B.Com {Hons.}, New Delhi, Delhi NCR,3.9,29,317,2025,"₹ 39,995",,"23,50,000",
39,Aryabhatta College,B.Com,B.Com {Hons.}, New Delhi, Delhi NCR,3.8,30,317,2025,"₹ 63,660","5,30,000","9,00,000",UGC 
40,Stella Maris College,B.Com,B.Com, Chennai, Tamil Nadu,4.1,31,317,2025,"₹ 89,220",,,UGC 
41,Motilal Nehru College,B.Com,B.Com {Hons.}, New Delhi, Delhi NCR,3.9,32,317,2025,"₹ 47,635",,,
42,Deen Dayal Upadhyaya College,B.Com,B.Com {Hons.}, New Delhi, Delhi NCR,4,33,317,2025,"₹ 96,465","6,55,000","24,80,000",UGC 
43,Kristu Jayanti University,B.Com,B.Com Professional, Bangalore, Karnataka,4.1,34,317,2025,"₹ 4,25,000",,,"AICTE, BCI, UGC, ACCA "
44,Mount Carmel College Autonomous,B.Com,B.Com, Bangalore, Karnataka,4.2,35,317,2025,"₹ 2,94,700","5,50,000","24,80,000",UGC 
45,Ram Lal Anand College,B.Com,B.Com {Hons.}, New Delhi, Delhi NCR,3.8,36,317,2025,"₹ 72,630",,"6,60,000",AICTE 
46,Shaheed Bhagat Singh Evening College,B.Com,B.Com, New Delhi, Delhi NCR,3.9,37,317,2025,"₹ 45,525",,,
47,Sri Aurobindo College,B.Com,B.Com {Hons.}, New Delhi, Delhi NCR,3.7,38,317,2025,"₹ 39,210","3,00,000","8,00,000",UGC 
48,Kishinchand Chellaram College,B.Com,B.Com, Mumbai, Maharashtra,4.1,39,317,2025,"₹ 29,460",,,
49,Ramanujan College,B.Com,B.Com, New Delhi, Delhi NCR,4,40,317,2025,"₹ 71,760","5,13,000","12,00,000",UGC 
50,Deshbandhu College,B.Com,B.Com {Hons.}, New Delhi, Delhi NCR,3.8,41,317,2025,"₹ 56,223","3,00,000","28,00,000",
51,Goswami Ganesh Dutta Sanatan Dharma College,B.Com,B.Com, Chandigarh, Chandigarh,4.1,42,317,2025,"₹ 85,020",,,
52,Sri Guru Nanak Dev Khalsa College,B.Com,B.Com, New Delhi, Delhi NCR,3.7,43,317,2025,"₹ 62,045",,,UGC 
53,Presidency College,B.Com,B.Com, Bangalore, Karnataka,4,44,317,2025,"₹ 3,05,000","5,50,000","12,00,000","AICTE, UGC "
54,Keshav Mahavidyalaya,B.Com,B.Com {Hons.}, New Delhi, Delhi NCR,3.9,45,317,2025,"₹ 53,920","5,65,000","10,80,000","UGC, MHRD "
55,Shivaji College,B.Com,B.Com {Hons.}, New Delhi, Delhi NCR,3.9,46,317,2025,"₹ 79,830","6,00,000","24,00,000",
56,IFIM Institutions,B.Com,B.Com, Bangalore, Karnataka,4.1,47,317,2025,"₹ 3,88,599","8,95,000","23,20,000","AICTE, UGC "
57,Maharaja Agrasen College,B.Com,B.Com {Hons.}, New Delhi, Delhi NCR,3.9,48,317,2025,"₹ 55,360","7,00,000","30,00,000",
58,Women's Christian College,B.Com,B.Com, Chennai, Tamil Nadu,3.8,49,317,2025,"₹ 3,44,238",,,UGC 
59,Kalindi College,B.Com,B.Com {Hons.}, New Delhi, Delhi NCR,3.7,50,317,2025,"₹ 49,775","10,00,000","24,00,000","AICTE, UGC "
60,HR College of Commerce and Economics,B.Com,B.Com Accounting And Finance, Mumbai, Maharashtra,4,51,317,2025,"₹ 1,51,350","5,00,000","10,00,000",
61,Satyawati College,B.Com,B.Com {Hons.}, New Delhi, Delhi NCR,3.7,52,317,2025,"₹ 48,035",,"25,00,000",UGC 
62,Symbiosis College of Arts and Commerce,B.Com,B.Com Accounting And Finance, Pune, Maharashtra,4.2,53,317,2025,"₹ 3,81,500","5,24,232","23,05,500",
63,Rajdhani College,B.Com,B.Com {Hons.}, New Delhi, Delhi NCR,3.8,54,317,2025,"₹ 46,400","1,45,000","1,74,00,000","UGC, MHRD "
64,AIMS Institutes,B.Com,B.Com, Bangalore, Karnataka,3.7,55,317,2025,"₹ 2,01,000","8,00,000","27,00,000",AICTE 
65,PGDAV College,B.Com,B.Com, New Delhi, Delhi NCR,3.9,56,317,2025,"₹ 43,480","4,80,000","23,00,000",
66,St. Xavier's College,B.Com,BAF, Mumbai, Maharashtra,4.1,57,317,2025,"₹ 1,99,500","6,00,000","21,00,000",
67,Lakshmibai College,B.Com,B.Com {Hons.}, New Delhi, Delhi NCR,3.6,58,317,2025,"₹ 46,779","3,00,000","9,00,000",AICTE 
68,Zakir Husain Delhi College,B.Com,B.Com {Hons.}, New Delhi, Delhi NCR,3.8,59,317,2025,"₹ 59,109",,,
69,Acharya Narendra Dev College,B.Com,B.Com {Hons.}, New Delhi, Delhi NCR,3.9,60,317,2025,"₹ 61,620",,,AICTE 
70,Dyal Singh Evening College,B.Com,B.Com {Hons.}, New Delhi, Delhi NCR,3.9,61,317,2025,"₹ 45,600",,,
71,Shyam Lal College,B.Com,B.Com {Hons.}, New Delhi, Delhi NCR,3.7,62,317,2025,"₹ 85,500","4,20,288","7,50,000",UGC 
72,Janki Devi Memorial College,B.Com,B.Com {Hons.}, New Delhi, Delhi NCR,4,63,317,2025,"₹ 70,665",,"11,00,000",AICTE 
73,Sacred Heart College,B.Com,B.Com {Hons.} Taxation, Ernakulam, Kerala,4.2,64,317,2025,"₹ 2,55,990","7,50,000","46,50,000",AICTE 
74,Vivekananda College,B.Com,B.Com {Hons.}, New Delhi, Delhi NCR,3.8,65,317,2025,"₹ 44,800",,,UGC 
75,JD Birla Institute,B.Com,B.Com {Hons.} Marketing, Kolkata, West Bengal,3.8,66,317,2025,"₹ 5,97,800","5,00,000","9,00,000",
76,Dr. Bhim Rao Ambedkar College,B.Com,B.Com {Hons.}, New Delhi, Delhi NCR,3.7,67,317,2025,"₹ 57,795","1,25,000","15,00,000",
77,B.K Birla College Of Arts Science & Commerce,B.Com,B.Com Accounting And Finance, Thane, Maharashtra,3.8,68,317,2025,"₹ 45,310",,,UGC 
78,Motilal Nehru College (Evening),B.Com,B.Com {Hons.}, New Delhi, Delhi NCR,3.9,69,317,2025,"₹ 36,870",,,
79,Goenka College of Commerce and Business Administration,B.Com,B.Com {Hons.}, Kolkata, West Bengal,3.9,70,317,2025,"₹ 3,610",,"6,00,000",AICTE 
80,Swami Shraddhanand College,B.Com,B.Com {Hons.}, New Delhi, Delhi NCR,3.5,71,317,2025,"₹ 51,825",,,
81,Vimala College,B.Com,B.Com Finance, Thrissur, Kerala,4.2,72,317,2025,"₹ 1,51,200",,,UGC 
82,Shyama Prasad Mukherji College For Women,B.Com,B.Com {Hons.}, New Delhi, Delhi NCR,3.9,73,317,2025,"₹ 35,520",,,"NCTE, UGC "
83,K J Somaiya College of Arts & Commerce,B.Com,B.Com, Mumbai, Maharashtra,4.1,74,317,2025,"₹ 48,035",,,
84,Presidency College,B.Com,B.Com, Chennai, Tamil Nadu,4,75,317,2025,"₹ 3,875","5,00,000","15,00,000",AICTE 
85,Mata Sundri College for Women,B.Com,B.Com {Hons.}, New Delhi, Delhi NCR,3.7,76,317,2025,"₹ 81,075","3,60,000","8,00,000",
86,Jain University,B.Com,B.Com, Bangalore, Karnataka,3.9,77,317,2025,"₹ 5,70,000","8,24,000","81,25,000","AICTE, CRISIL, UGC, NBA, AIU "
87,St Francis College for Women,B.Com,B.Com Computer Applications, Hyderabad, Telangana,4.3,78,317,2025,"₹ 2,53,500",,"24,00,000",UGC 
88,Bharati College,B.Com,B.Com {Hons.}, New Delhi, Delhi NCR,3.8,79,317,2025,"₹ 47,665",,,
89,Satyawati Evening College,B.Com,B.Com, New Delhi, Delhi NCR,3.7,80,317,2025,"₹ 48,035","4,00,000","12,00,000",
90,Isabella Thoburn Degree College,B.Com,B.Com, Lucknow, Uttar Pradesh,3.8,81,317,2025,"₹ 1,00,000","3,50,000","8,00,000","AICTE, UGC "
91,Aditi Mahavidyalaya,B.Com,B.Com {Hons.}, New Delhi, Delhi NCR,3.7,82,317,2025,"₹ 45,990",,,UGC 
92,Ness Wadia College of Commerce,B.Com,B.Com, Pune, Maharashtra,4,83,317,2025,"₹ 25,950","4,28,000","7,60,000",
93,Sri  Aurobindo College (Evening),B.Com,B.Com {Hons.}, New Delhi, Delhi NCR,3.3,84,317,2025,"₹ 34,620",,,
94,Seshadripuram College,B.Com,B.Com, Bangalore, Karnataka,4.1,85,317,2025,"₹ 1,08,000","2,50,000","32,00,000",
95,PGDAV College (Evening),B.Com,B.Com, New Delhi, Delhi NCR,3.8,86,317,2025,"₹ 51,785",,"8,00,000",
96,Zakir Husain Delhi College (Evening),B.Com,B.Com, New Delhi, Delhi NCR,3.7,87,317,2025,"₹ 28,287",,,UGC 
97,St. Xavier's College,B.Com,B.Com {Hons.} Accountancy, Ranchi, Jharkhand,4,88,317,2025,"₹ 1,79,600","5,50,000","42,00,000","NCTE, UGC "
98,Shyam Lal College (Evening),B.Com,B.Com, New Delhi, Delhi NCR,3.7,89,317,2025,"₹ 48,470","4,00,000","12,00,000",
99,Bhagini Nivedita College,B.Com,B.Com, New Delhi, Delhi NCR,3.7,90,317,2025,"₹ 41,730","3,00,000","8,00,000",
100,PSG College of Arts and Science,B.Com,B.Com Professional Accounting, Coimbatore, Tamil Nadu,4.2,91,317,2025,"₹ 1,56,850",,"14,00,000",
101,Ethiraj College for Women,B.Com,B.Com, Chennai, Tamil Nadu,4.1,92,317,2025,"₹ 2,74,986","4,00,000","10,00,000",UGC 
102,Maharaja Surajmal Institute,B.Com,B.Com {Hons.}, New Delhi, Delhi NCR,3.8,93,317,2025,"₹ 3,25,200","4,50,000","12,00,000","NCTE, AICTE, BCI, UGC, QCI "
103,Mehr Chand Mahajan Dayanand Anglo Vedic College for Women,B.Com,B.Com, Chandigarh, Chandigarh,4,94,317,2025,"₹ 1,13,755",,"5,00,000",
104,SS Jain Subodh PG College,B.Com,B.Com, Jaipur, Rajasthan,3.6,95,317,2025,"₹ 55,200",,,
105,Rajagiri College of Social Sciences,B.Com,B.Com Taxation And Finance, Kochi, Kerala,3.9,96,317,2025,"₹ 57,804","6,90,000","13,58,000","AICTE, UGC, AIU "
106,St Ann's College for Women,B.Com,B.Com Computer Applications, Hyderabad, Telangana,4,97,317,2025,"₹ 18,150",,"13,00,000",AICTE 
107,Ramaiah College of Arts,B.Com,B.Com, Bangalore, Karnataka,4,99,317,2025,"₹ 3,15,000","3,75,000","15,00,000","AICTE, UGC "
108,PG Government College for Girls,B.Com,B.Com, Chandigarh, Chandigarh,4.1,100,317,2025,"₹ 63,983",,,UGC 
109,St. Mira's College for Girls,B.Com,B.Com Banking & Finance, Pune, Maharashtra,3.6,101,317,2025,"₹ 46,240",,,
110,DAV College,B.Com,B.Com, Chandigarh, Chandigarh,4,102,317,2025,"₹ 85,066",,"21,00,000",UGC 
111,Sri Krishna Arts and Science College,B.Com,B.Com, Coimbatore, Tamil Nadu,4.2,103,317,2025,"₹ 4,05,000","3,60,000","16,00,000",UGC 
112,St Joseph's Degree and  PG College,B.Com,B.Com, Hyderabad, Telangana,3.9,104,317,2025,"₹ 18,150","4,10,000","12,00,000",
113,Indian Institute of Management and Commerce,B.Com,B.Com Computer Applications, Hyderabad, Telangana,3.9,106,317,2025,"₹ 1,87,500","12,00,000","28,00,000",UGC 
114,St Aloysius (Deemed To Be University),B.Com,B.Com, Mangalore, Karnataka,3.8,107,317,2025,"₹ 2,37,000",,"15,00,000","NCTE, AICTE, BCI, UGC "
115,Prestige Institute of Management and Research,B.Com,B.Com {Hons.}, Indore, Madhya Pradesh,3.8,108,317,2025,"₹ 7,38,000","4,41,000","32,00,000","AICTE, BCI, UGC "
116,Prestige Institute of Management & Research,B.Com,B.Com Computer Applications, Gwalior, Madhya Pradesh,4.1,109,317,2025,,"5,20,000","15,00,000","AICTE, NBA "
117,L.S. Raheja College of Arts and Commerce,B.Com,B.Com Accounting And Finance, Mumbai, Maharashtra,3.5,110,317,2025,"₹ 1,26,900",,,
118,The Oxford College of Business Management,B.Com,B.Com, Bangalore, Karnataka,3.5,111,317,2025,"₹ 3,00,000","5,00,000","10,00,000",AICTE 
119,Kelkar Education Trust's V.G. Vaze College of Arts Science and Commerce,B.Com,B.Com Accounting And Finance, Mumbai, Maharashtra,4.1,112,317,2025,"₹ 98,566",,,UGC 
120,St Joseph's University,B.Com,B.Com, Bangalore, Karnataka,4.1,113,317,2025,"₹ 3,80,000",,,"UGC, MHRD "
121,St. Joseph's College,B.Com,B.Com Computer Applications, Tiruchirappalli, Tamil Nadu,4.3,114,317,2025,"₹ 33,100",,,UGC 
122,Post Graduate Government College for Girls,B.Com,B.Com {Hons.} Management, Chandigarh, Chandigarh,4,116,317,2025,"₹ 67,638",,,
123,Anna Adarsh College for Women,B.Com,B.Com, Chennai, Tamil Nadu,4.2,117,317,2025,"₹ 2,51,000",,,
124,Holy Cross College  (Autonomous),B.Com,B.Com, Tiruchirappalli, Tamil Nadu,4.3,118,317,2025,"₹ 74,370",,,
125,Hans Raj Mahila Maha Vidyalaya,B.Com,B.Com {Hons.}, Jalandhar, Punjab,4,119,317,2025,"₹ 1,20,000",,,UGC 
126,Maharani Lakshmi Ammanni College for Women,B.Com,B.Com, Bangalore, Karnataka,4,120,317,2025,"₹ 1,68,000",,"8,00,000","AICTE, UGC "
127,Hargovandas Lakhmichand College of Commerce (H L College of Commerce),B.Com,B.Com Accountancy, Ahmedabad, Gujarat,4.2,121,317,2025,"₹ 7,956",,"30,000",UGC 
128,Guru Nanak College (Autonomous),B.Com,B.Com, Chennai, Tamil Nadu,4.1,122,317,2025,"₹ 72,753",,,AICTE 
129,Sri Ramakrishna College of Arts and Science,B.Com,B.Com, Coimbatore, Tamil Nadu,4.1,123,317,2025,"₹ 1,94,000","4,60,000","12,00,000",AICTE 
130,Loyola Academy Degree and PG College,B.Com,B.Com Computer Applications, Secunderabad, Telangana,4.1,124,317,2025,"₹ 18,150","5,00,000","16,00,000",UGC 
131,Kanya Mahavidyalaya,B.Com,B.Com {Hons.}, Jalandhar, Punjab,4.8,125,317,2025,"₹ 3,47,700",,"3,00,000",UGC 
132,Dr. SNS Rajalakshmi College of Arts and Science,B.Com,B.Com Professional Accounting, Coimbatore, Tamil Nadu,4.1,126,317,2025,"₹ 1,44,000","3,00,000","9,00,000","AICTE, UGC "
133,BBK DAV College for Women,B.Com,B.Com, Amritsar, Punjab,4.1,127,317,2025,"₹ 2,56,935",,,UGC 
134,DAV College,B.Com,B.Com, Abohar, Punjab,4.1,129,317,2025,"₹ 95,475","1,00,000","2,80,000",UGC 
135,DAV College,B.Com,B.Com, Jalandhar, Punjab,3.7,130,317,2025,"₹ 1,79,060",,"6,50,000",UGC 
136,Bharata Mata College,B.Com,B.Com {Hons.} Computer Application, Kochi, Kerala,3.9,131,317,2025,"₹ 9,191",,"8,40,000",AICTE 
137,Jagannath Community College (JCC),B.Com,B.Com, New Delhi, Delhi NCR,4,132,317,2025,"₹ 5,11,500","7,50,000","21,00,000",
138,Dayananda Sagar Business Academy,B.Com,B.Com Accounting & Taxation, Bangalore, Karnataka,4,133,317,2025,"₹ 1,20,000","5,00,000","10,00,000",
139,Dr. N.G.P. Arts and Science College,B.Com,B.Com, Coimbatore, Tamil Nadu,4,135,317,2025,"₹ 1,05,000","3,30,000","9,00,000",UGC 
140,St Aloysius College,B.Com,B.Com Applied Economics, Jabalpur, Madhya Pradesh,3.8,136,317,2025,"₹ 98,645",,,UGC 
141,CMS College of Science and Commerce,B.Com,B.Com, Coimbatore, Tamil Nadu,4,137,317,2025,"₹ 2,550",,,"AICTE, UGC "
142,Chandigarh University,B.Com,B.Com {Hons.}, Mohali, Punjab,4.4,138,317,2025,"₹ 6,44,500",,"54,75,000","NCTE, AICTE, COA, PCI, BCI "
143,H. A. College of Commerce,B.Com,B.Com, Ahmedabad, Gujarat,4.2,139,317,2025,"₹ 28,800",,,
144,Rosary College of Commerce and Arts,B.Com,B.Com, Salcete, Goa,3.7,140,317,2025,"₹ 21,600",,,
145,Amity University,B.Com,B.Com {Hons.}, Lucknow, Uttar Pradesh,4.1,141,317,2025,"₹ 6,42,000","8,00,000","45,00,000","NCTE, RCI, COA, PCI, BCI "
146,Chitkara University,B.Com,B.Com {Hons.}, Chandigarh, Chandigarh,4.2,142,317,2025,"₹ 6,12,000","11,00,000","44,00,000","UGC, AACSB "
147,The Bhopal School of Social Sciences,B.Com,B.Com {Hons.}, Bhopal, Madhya Pradesh,4.1,143,317,2025,"₹ 4,52,000",,"7,60,000",UGC 
148,Kongu Arts and Science College,B.Com,B.Com Professional Accounting, Erode, Tamil Nadu,4.2,144,317,2025,"₹ 90,000",,"5,20,000","AICTE, UGC "
149,Hindusthan College of Arts and Science,B.Com,B.Com Professional Accounting, Coimbatore, Tamil Nadu,4,145,317,2025,"₹ 1,68,000","3,75,000","8,60,000",AICTE 
150,Badruka College of Commerce and Arts,B.Com,B.Com {Hons.}, Hyderabad, Telangana,4.3,146,317,2025,"₹ 18,150",,,UGC 
151,Amity University,B.Com,B.Com {Hons.}, Jaipur, Rajasthan,4.1,147,317,2025,"₹ 4,88,000","4,84,000","52,76,000","AICTE, RCI, COA, BCI, UGC "
152,SDM College Ujire,B.Com,B.Com, Mangalore, Karnataka,4.1,148,317,2025,"₹ 74,001",,,
153,Sri Ramakrishna College of Arts & Science For Women,B.Com,B.Com, Coimbatore, Tamil Nadu,4.5,149,317,2025,"₹ 2,16,000",,,UGC 
154,St. Albert's College,B.Com,B.Com {Hons.} Taxation, Ernakulam, Kerala,3.5,150,317,2025,"₹ 1,89,060",,,
155,Rathinam College of Arts and Science,B.Com,B.Com Accounting And Finance, Coimbatore, Tamil Nadu,4.2,151,317,2025,"₹ 1,80,000","5,00,000","58,00,000","AICTE, NBA, ACCA "
156,Seshadripuram Institute of Commerce and Management,B.Com,B.Com, Bangalore, Karnataka,4,152,317,2025,"₹ 3,00,000",,,
157,T John College,B.Com,B.Com, Bangalore, Karnataka,4.1,153,317,2025,"₹ 2,95,000",,,
158,All Saints' College,B.Com,B.Com, Thiruvananthapuram, Kerala,3.8,154,317,2025,"₹ 54,000",,,UGC 
159,Krupanidhi Degree College,B.Com,B.Com Investment Banking, Bangalore, Karnataka,3.6,155,317,2025,"₹ 2,52,000",,,AICTE 
160,Sivananda Sarma Memorial RV Degree College,B.Com,B.Com Professional, Bangalore, Karnataka,4,156,317,2025,"₹ 1,91,535","4,52,000","9,00,000","AICTE, UGC "
161,Bishop Heber College,B.Com,B.Com, Tiruchirappalli, Tamil Nadu,4.2,157,317,2025,"₹ 1,11,120","12,00,000","35,00,000","AICTE, UGC "
162,Poddar International College,B.Com,B.Com, Jaipur, Rajasthan,3.9,158,317,2025,"₹ 30,000",,"24,00,000","NCTE, AICTE, UGC "
163,Amity University,B.Com,B.Com {Hons.}, Raipur, Chhattisgarh,3.8,159,317,2025,"₹ 3,28,000",,"24,00,000","NCTE, AICTE, COA, BCI, UGC "
164,St Josephs College Irinjalakuda,B.Com,B.Com Finance, Thrissur, Kerala,3.9,160,317,2025,"₹ 6,125",,,
165,Dev Samaj College For Women,B.Com,B.Com, Firozpur, Punjab,4.2,161,317,2025,"₹ 25,000","5,00,000","24,00,000",UGC 
166,Marathwada Mitramandal's College of Commerce,B.Com,B.Com, Pune, Maharashtra,3.5,162,317,2025,"₹ 48,030","3,00,000","8,40,000","AICTE, UGC "
167,SDNB Vaishnav College for Women,B.Com,B.Com, Chennai, Tamil Nadu,4.3,163,317,2025,"₹ 61,500","7,50,000","7,50,000",UGC 
168,DAV College,B.Com,B.Com, Hoshiarpur, Punjab,3.9,164,317,2025,"₹ 1,13,325",,,
169,St. Francis de Sales College,B.Com,B.Com, Bangalore, Karnataka,3.9,165,317,2025,"₹ 2,44,000",,,
170,St. Xavier's College,B.Com,B.Com {Hons.} Cost & Management Accounting, Bardez, Goa,3.7,166,317,2025,"₹ 24,375","3,75,000","6,00,000",UGC 
171,Lingaya's Lalita Devi Institute of Management and Sciences,B.Com,B.Com {Hons.}, New Delhi, Delhi NCR,3.6,167,317,2025,"₹ 5,44,000","5,50,000","10,00,000","NCTE, AICTE, UGC "
172,ICFAI University,B.Com,B.Com {Hons.} Accounting And Finance, Gangtok, Sikkim,3.5,168,317,2025,"₹ 2,48,000","1,87,000","8,00,000","AICTE, BCI, UGC, AIU "
173,Andhra Loyola College,B.Com,B.Com, Vijayawada, Andhra Pradesh,3.9,169,317,2025,"₹ 26,400",,"3,42,000","AICTE, UGC "
174,Hindustan College of Arts and Science,B.Com,B.Com, Chennai, Tamil Nadu,3.8,170,317,2025,"₹ 1,20,500",,"3,50,000",
175,V. O. Chidambaram College,B.Com,B.Com, Thoothukkudi, Tamil Nadu,3.6,171,317,2025,"₹ 15,000",,,UGC 
176,GLA University,B.Com,B.Com {Hons.}, Mathura, Uttar Pradesh,4.2,172,317,2025,"₹ 6,62,000","6,30,000","60,00,000","NCTE, AICTE, PCI, BCI, UGC "
177,Integral University,B.Com,B.Com {Hons.}, Lucknow, Uttar Pradesh,4.1,173,317,2025,"₹ 1,65,000",,"32,50,000","NCTE, COA, PCI, INC, MCI "
178,Sacred Heart College (Autonomous),B.Com,B.Com, Tiruppattur, Tamil Nadu,3.9,174,317,2025,"₹ 1,37,283",,"2,80,000",
179,Devki Devi Jain Memorial College for Women,B.Com,B.Com, Ludhiana, Punjab,4.1,175,317,2025,"₹ 80,667",,,UGC 
180,DAV College,B.Com,B.Com, Amritsar, Punjab,3.7,176,317,2025,"₹ 2,19,480",,,UGC 
181,Nagindas  Khandwala College,B.Com,B.Com Banking And Insurance, Mumbai, Maharashtra,3.9,177,317,2025,"₹ 73,606",,"11,00,000","AICTE, UGC "
182,Dr. R. V. Arts and Science College,B.Com,B.Com Computer Applications, Coimbatore, Tamil Nadu,,178,317,2025,"₹ 1,08,000",,,UGC 
183,Lucknow Public College of Professional Studies,B.Com,B.Com, Lucknow, Uttar Pradesh,4,179,317,2025,"₹ 2,16,500","2,35,000","7,20,000",
184,ROOTS Collegium,B.Com,B.Com, Hyderabad, Telangana,4.2,180,317,2025,"₹ 18,150",,,
185,Mysore Makkala Koota and Sri Dharmasthala Manjunatheswara College for Women,B.Com,B.Com, Mysore, Karnataka,4.4,181,317,2025,"₹ 72,000",,,"AICTE, UGC "
186,Institute of Information Technology & Management,B.Com,B.Com {Hons.}, New Delhi, Delhi NCR,3.9,182,317,2025,"₹ 4,09,500","4,88,000","12,80,000",
187,Surana College,B.Com,B.Com, Bangalore, Karnataka,3.9,184,317,2025,"₹ 2,37,000","7,00,000","16,41,000","AICTE, UGC "
188,Kasturba Gandhi Degree and PG College for Women,B.Com,B.Com Tax Procedure And Practice, Secunderabad, Telangana,4.1,185,317,2025,"₹ 18,150","11,00,000","25,00,000",AICTE 
189,ICFAI University,B.Com,B.Com, Dimapur, Nagaland,3.7,187,317,2025,"₹ 1,00,000",,,"UGC, AIU "
190,The New College,B.Com,B.Com, Chennai, Tamil Nadu,4.1,188,317,2025,"₹ 5,500",,,
191,Dnyanprassarak Mandal's College of Arts Science Commerce Management Studies & Technology,B.Com,B.Com, Bardez, Goa,3.3,189,317,2025,"₹ 22,935",,,UGC 
192,Aisect College of Professional Studies,B.Com,B.Com, Indore, Madhya Pradesh,4.2,190,317,2025,"₹ 45,000",,,
193,Cauvery College for Women,B.Com,B.Com, Tiruchirappalli, Tamil Nadu,4.3,191,317,2025,"₹ 1,08,600",,,
194,ICFAI University,B.Com,B.Com {Hons.}, Ranchi, Jharkhand,3.7,192,317,2025,"₹ 1,00,000","6,75,000","9,32,000","UGC, AIU "
195,Nallamuthu Gounder Mahalingam College,B.Com,B.Com Computer Applications, Coimbatore, Tamil Nadu,4.3,193,317,2025,"₹ 3,363",,,
196,St Pious Degree College for Women,B.Com,B.Com Professional, Hyderabad, Telangana,4.3,194,317,2025,"₹ 18,150","4,20,000","10,00,000",UGC 
197,Sri Durga Malleswari Siddhartha Mahila Kalasala,B.Com,B.Com, Vijayawada, Andhra Pradesh,3.8,195,317,2025,"₹ 9,135",,,
198,MIT World Peace University,B.Com,B.Com {Hons.} Auditing & Taxation, Pune, Maharashtra,3.9,196,317,2025,"₹ 6,40,000","7,00,000","51,36,000","PCI, BCI, UGC "
199,Shri Shankarlal Sundarbai Shasun Jain College for Women,B.Com,B.Com, Chennai, Tamil Nadu,4.2,197,317,2025,"₹ 2,49,000","2,50,000","7,60,000",
200,Patrician College of Arts and science,B.Com,B.Com, Chennai, Tamil Nadu,4.2,198,317,2025,"₹ 2,05,770",,,
201,Poornima University,B.Com,B.Com, Jaipur, Rajasthan,4,199,317,2025,"₹ 1,57,500","4,01,000","13,13,000","COA, NCHMCT, UGC, AIU "
202,Maris Stella College,B.Com,B.Com {Hons.}, Vijayawada, Andhra Pradesh,4.1,200,317,2025,"₹ 8,868",,,AICTE 
203,Sir Parashurambhau College,B.Com,B.Com, Pune, Maharashtra,4,201,317,2025,"₹ 18,450",,,
204,Digboi College,B.Com,B.Com Accounting And Finance, Dibrugarh, Assam,3.9,202,317,2025,"₹ 31,450",,,UGC 
205,Nehru Arts and Science College,B.Com,B.Com Professional Accounting, Coimbatore, Tamil Nadu,4.2,203,317,2025,"₹ 2,22,000",,"10,00,000",
206,Raja Bahadur Venkat Rama Reddy Women's College,B.Com,B.Com Computer Applications, Hyderabad, Telangana,4.2,204,317,2025,"₹ 38,385","3,00,000","6,00,000",
207,Villa Marie College for Women,B.Com,B.Com, Hyderabad, Telangana,3.9,205,317,2025,"₹ 18,150",,"6,00,000",AICTE 
208,Maheshwari Girls P.G.  College,B.Com,B.Com Economic Administration And Financial Management, Jaipur, Rajasthan,4.8,206,317,2025,"₹ 70,000",,,
209,St Wilfred's PG College,B.Com,B.Com, Jaipur, Rajasthan,4,207,317,2025,"₹ 54,500",,,AICTE 
210,MIT Arts,B.Com,B.Com, Pune, Maharashtra,4,208,317,2025,"₹ 2,10,000","3,50,000","7,20,000",AICTE 
211,IPS Academy,B.Com,B.Com, Indore, Madhya Pradesh,3.8,209,317,2025,"₹ 1,26,300","6,82,000","4,00,00,000","NCTE, AICTE, COA, PCI, BCI "
212,Sri Ramakrishna Mission Vidyalaya College of Arts and Science,B.Com,B.Com Computer Applications, Coimbatore, Tamil Nadu,4.3,210,317,2025,"₹ 56,000",,,
213,Sardar Patel Mahavidyalaya,B.Com,B.Com Computer Applications, Chandrapur, Maharashtra,2.9,211,317,2025,"₹ 57,887",,,AICTE 
214,Murgaon Education Societys College of Arts and Commerce,B.Com,B.Com, North Goa, Goa,4.1,212,317,2025,"₹ 19,298",,,
215,Umiya Arts and Commerce College for Girls,B.Com,B.Com, Ahmedabad, Gujarat,4.2,214,317,2025,"₹ 3,600",,,
216,Chevalier T.Thomas Elizabeth College For Women,B.Com,B.Com, Chennai, Tamil Nadu,4.1,215,317,2025,"₹ 1,86,510",,"3,25,500",
217,Prestige Institute of Management and Research,B.Com,B.Com Computer Applications, Dewas, Madhya Pradesh,3.3,216,317,2025,"₹ 1,44,000","3,16,000","10,00,000",AICTE 
218,Dr. D.Y. Patil Arts,B.Com,B.Com, Pune, Maharashtra,4,217,317,2025,"₹ 1,15,200",,,
219,Thiagarajar College,B.Com,B.Com Professional Accounting, Madurai, Tamil Nadu,3.9,218,317,2025,"₹ 1,92,000",,"9,00,000",
220,KSR College of Arts and Science College (Autonomous),B.Com,B.Com Computer Applications, Namakkal, Tamil Nadu,4.1,219,317,2025,"₹ 90,000","1,80,000","14,00,000",
221,Maharishi Markandeshwar,B.Com,B.Com, Ambala, Haryana,4,220,317,2025,"₹ 2,73,497","6,00,000","42,00,000","DCI, AICTE, PCI, INC, MCI "
222,Fr. Agnel College of Arts and Commerce,B.Com,B.Com, North Goa, Goa,,221,317,2025,"₹ 20,180",,,UGC 
223,Abeda Inamdar Senior College,B.Com,B.Com, Pune, Maharashtra,3.9,222,317,2025,"₹ 27,215",,,"AICTE, UGC "
224,Punjab College of Technical Education,B.Com,B.Com {Hons.}, Ludhiana, Punjab,4,223,317,2025,"₹ 1,79,400","6,00,000","70,00,000",AICTE 
225,Sri G.V.G Visalakshi College for Women,B.Com,B.Com, Udumalaipettai, Tamil Nadu,4.7,224,317,2025,"₹ 69,000",,,
226,V.L.B. Janakiammal College of Arts and Science,B.Com,B.Com, Coimbatore, Tamil Nadu,3.7,225,317,2025,"₹ 72,000",,,"AICTE, UGC "
227,Muthayammal College of Arts and Science,B.Com,B.Com, Namakkal, Tamil Nadu,3.9,226,317,2025,"₹ 90,000",,,UGC 
228,Vels Institute of Science,B.Com,B.Com, Chennai, Tamil Nadu,3.9,227,317,2025,"₹ 3,21,000","4,50,000","12,00,000","NCTE, AICTE, PCI, BCI, UGC "
229,Kovai Kalaimagal College of Arts and Science,B.Com,B.Com, Coimbatore, Tamil Nadu,4.6,228,317,2025,"₹ 1,20,000","2,03,000","4,00,000",UGC 
230,Gobi Arts and Science College,B.Com,B.Com, Gobichettipalayam, Tamil Nadu,4,229,317,2025,"₹ 30,000","2,60,000","6,20,000",
231,Keshav Memorial Institute of Commerce and Sciences,B.Com,B.Com, Hyderabad, Telangana,4.2,230,317,2025,"₹ 30,140",,,
232,MES College of Arts,B.Com,B.Com Accountancy, Bangalore, Karnataka,3.7,231,317,2025,"₹ 63,054",,,UGC 
233,Sri Krishna Adithya College of Arts and Science,B.Com,B.Com, Coimbatore, Tamil Nadu,4.4,232,317,2025,"₹ 1,35,000","2,25,000","5,00,000",
234,Sonopant Dandekar Shikshan Mandali,B.Com,BAF, Palghar, Maharashtra,4.2,233,317,2025,"₹ 55,376",,,
235,Stani Memorial PG College,B.Com,B.Com Business Administration, Jaipur, Rajasthan,3.8,234,317,2025,"₹ 30,800",,,UGC 
236,Sri Kanyaka Parameswari Arts and Science College for Women,B.Com,B.Com, Chennai, Tamil Nadu,4.5,236,317,2025,"₹ 1,29,000",,,
237,Shri Nehru Maha Vidyalaya College of Arts and Science,B.Com,B.Com Computer Applications, Coimbatore, Tamil Nadu,4,237,317,2025,"₹ 1,62,000",,,AICTE 
238,Cauvery College,B.Com,B.Com, Virajpet, Karnataka,3.2,238,317,2025,"₹ 24,190",,,
239,Jyoti Nivas College Autonomous,B.Com,B.Com, Bangalore, Karnataka,4,239,317,2025,"₹ 2,95,905","4,00,000","7,00,000","AICTE, UGC "
240,Sikkim Manipal University,B.Com,B.Com {Hons.} Accounting And Finance, East Sikkim, Sikkim,4,240,317,2025,"₹ 1,79,050","6,48,000","54,00,000","AICTE, INC, MCI, UGC "
241,A.P.C. Mahalaxmi College for Women,B.Com,B.Com, Thoothukudi, Tamil Nadu,3.7,241,317,2025,"₹ 11,000",,,
242,St. Claret College,B.Com,B.Com, Bangalore, Karnataka,4.2,242,317,2025,"₹ 2,86,000","5,50,000","12,00,000","AICTE, UGC "
243,T John Institute of Management and Science,B.Com,B.Com, Bangalore, Karnataka,3.6,243,317,2025,"₹ 2,95,000",,"5,16,000",
244,St. Agnes College,B.Com,B.Com Professional, Mangalore, Karnataka,4.3,244,317,2025,"₹ 2,34,000",,"8,00,000",
245,Chanderprabhu Jain College of Higher Studies & School of Law,B.Com,B.Com, New Delhi, Delhi NCR,4,245,317,2025,"₹ 5,81,700","6,50,000","20,00,000","AICTE, BCI "
246,Sree Saraswathi Thyagaraja College,B.Com,B.Com Computer Applications, Pollachi, Tamil Nadu,4.2,246,317,2025,"₹ 1,26,000","2,40,000","7,00,000","AICTE, NBA "
247,Impact College of Science & Technology,B.Com,B.Com {Hons.}, Rampur, Uttar Pradesh,4.6,247,317,2025,"₹ 36,000",,,"NCTE, UGC "
248,Theivanai Ammal Women,B.Com,B.Com, Viluppuram, Tamil Nadu,3.8,248,317,2025,"₹ 1,49,100","5,00,000","8,36,000",
249,Bhairab Ganguly College,B.Com,B.Com {Hons.}, Kolkata, West Bengal,3.9,249,317,2025,"₹ 26,335",,,
250,Jagran Lakecity University,B.Com,B.Com {Hons.} Accounting, Bhopal, Madhya Pradesh,4.1,250,317,2025,"₹ 3,05,000",,"12,00,000","NCTE, AICTE, COA, BCI, UGC "
251,St.Wilfred’s College of Arts,B.Com,B.Com Banking & Finance, Panvel, Maharashtra,,251,317,2025,"₹ 81,000",,,
252,Shri. Chetan Manju Desai College,B.Com,B.Com Cost Accountancy, Cancona, Goa,,252,317,2025,"₹ 22,915",,,
253,Career College,B.Com,B.Com, Bhopal, Madhya Pradesh,4,253,317,2025,"₹ 1,29,000",,"8,00,000","AICTE, UGC "
254,Alva's College Moodubidire,B.Com,B.Com, Dakshin Kannada, Karnataka,4.4,254,317,2025,"₹ 21,190",,,
255,REVA University,B.Com,B.Com, Bangalore, Karnataka,4.2,255,317,2025,"₹ 6,00,000",,"45,50,000","AICTE, COA, BCI, UGC "
256,Avanthi Degree & P.G. College,B.Com,B.Com {Hons.}, Hyderabad, Telangana,4,256,317,2025,"₹ 1,35,000",,,AICTE 
257,St Xavier's College,B.Com,B.Com Business Process Services, Ahmedabad, Gujarat,4.1,257,317,2025,"₹ 2,14,500",,,UGC 
258,Bon Secours College for Women,B.Com,B.Com Computer Applications, Thanjavur, Tamil Nadu,4.3,258,317,2025,"₹ 76,000",,,
259,Vidya Institute of Creative Teaching,B.Com,B.Com, Meerut, Uttar Pradesh,3.6,259,317,2025,"₹ 1,35,000",,,NCTE 
260,DAV Centenary College,B.Com,B.Com, Faridabad, Haryana,3.7,260,317,2025,"₹ 39,987",,,AICTE 
261,Himalayan Institute of Technology,B.Com,B.Com {Hons.}, Dehradun, Uttarakhand,4.2,261,317,2025,"₹ 2,26,000","10,65,000","26,43,000","AICTE, UGC "
262,Amrapali University,B.Com,B.Com {Hons.} Corporate Finance, Haldwani, Uttarakhand,4.2,262,317,2025,,"5,72,000","9,00,000","AICTE, UGC "
263,IMS Unison University,B.Com,B.Com {Hons.}, Dehradun, Uttarakhand,4,263,317,2025,"₹ 4,53,500",,"41,62,000","AICTE, BCI, UGC, AIU "
264,Nehru Memorial College,B.Com,B.Com Computer Applications, Tiruchirappalli, Tamil Nadu,4.5,264,317,2025,"₹ 20,515",,,UGC 
265,Rambha Group of Institutions,B.Com,B.Com {Hons.}, Jamshedpur, Jharkhand,,265,317,2025,"₹ 40,000",,,"NCTE, AICTE, PCI, INC, BCI "
266,St Wilfreds College for Girls,B.Com,B.Com, Jaipur, Rajasthan,3.6,266,317,2025,"₹ 88,500","2,75,000",,
267,Parishkar College Of Global Excellence (Autonomous),B.Com,B.Com Economic Administration And Financial Management, Jaipur, Rajasthan,3.6,267,317,2025,"₹ 90,000","12,25,000","90,00,000",UGC 
268,Vivekanandha College of Arts and Sciences for Women,B.Com,B.Com, Namakkal, Tamil Nadu,4.4,268,317,2025,"₹ 99,000","2,59,000","5,00,000",AICTE 
269,K.S.G. College of Arts and Science,B.Com,B.Com Computer Applications, Coimbatore, Tamil Nadu,4.2,269,317,2025,"₹ 1,08,000","1,60,000","4,00,000",UGC 
270,Mar Athanasius College,B.Com,B.Com, Kothamangalam, Kerala,4.1,270,317,2025,"₹ 68,845",,,
271,St Thomas' College,B.Com,B.Com Finance, Thrissur, Kerala,4,271,317,2025,"₹ 6,125",,,"MCI, UGC "
272,Jagiroad College,B.Com,B.Com, Marigaon, Assam,3.9,272,317,2025,"₹ 17,400",,,
273,Kumaraguru College of Liberal Arts and Science,B.Com,B.Com, Coimbatore, Tamil Nadu,4.3,273,317,2025,"₹ 4,50,000",,,UGC 
274,Chandigarh Business School of Administration   Landran,B.Com,B.Com {Hons.}, Mohali, Punjab,4.1,274,317,2025,"₹ 1,90,400","4,00,000","18,00,000","AICTE, UGC "
275,Ramniranjan Jhunjhunwala College,B.Com,B.Com Banking And Insurance, Mumbai, Maharashtra,4.1,275,317,2025,"₹ 91,105","2,40,000","12,41,000",UGC 
276,Avinash College of Commerce,B.Com,B.Com, Hyderabad, Telangana,3.9,276,317,2025,"₹ 1,20,000","3,00,000","5,00,000",UGC 
277,Sree Narayana Guru College,B.Com,B.Com Computer Applications, Coimbatore, Tamil Nadu,3.7,277,317,2025,"₹ 1,11,000",,,UGC 
278,RayatBahra Institute of Management,B.Com,B.Com, Hoshiarpur, Punjab,4.1,278,317,2025,"₹ 1,90,400","2,50,000","4,50,000",AICTE 
279,Nazareth College of Arts & Science,B.Com,B.Com Corporate Secretaryship, Avadi, Tamil Nadu,2.9,279,317,2025,"₹ 60,000",,,
280,Holy Cross College (Autonomous),B.Com,B.Com, Nagercoil, Tamil Nadu,4.2,280,317,2025,"₹ 24,000",,,
281,Government College (Autonomous),B.Com,B.Com Computer Applications, Anantapur, Andhra Pradesh,4,281,317,2025,"₹ 38,020",,,"AICTE, UGC, MHRD "
282,JKC College,B.Com,B.Com Computer Applications, Guntur, Andhra Pradesh,4.2,282,317,2025,"₹ 64,200","4,00,000","20,00,000","AICTE, UGC "
283,Sanskriti College,B.Com,B.Com, Jaipur, Rajasthan,3.3,284,317,2025,"₹ 1,35,900",,,
284,K.S.R. College of Arts and Science for Women,B.Com,B.Com Computer Applications, Tiruchengodu, Tamil Nadu,4.2,285,317,2025,"₹ 1,56,000",,,
285,DG Vaishnav College,B.Com,B.Com, Chennai, Tamil Nadu,3.9,286,317,2025,,"6,72,000","9,45,000",UGC 
286,DAV College For Women,B.Com,B.Com, Firozpur, Punjab,,287,317,2025,"₹ 1,21,719",,,
287,SAGE University,B.Com,B.Com {Hons.} International Accounting and Finance, Indore, Madhya Pradesh,3.9,288,317,2025,"₹ 2,49,200","3,60,000","30,00,000","AICTE, COA, PCI, BCI, UGC "
288,Government College (Autonomous),B.Com,B.Com Banking Finance Service and Insurance, Rajahmundhry, Andhra Pradesh,4.4,289,317,2025,"₹ 27,480",,,
289,Vel Tech Ranga Sanku Arts College,B.Com,B.Com, Chennai, Tamil Nadu,3.3,290,317,2025,"₹ 45,000",,"7,36,000",AICTE 
290,Thanthai Hans Roever College,B.Com,B.Com, Perambalur, Tamil Nadu,3.8,291,317,2025,"₹ 75,000","2,41,000","2,76,000",
291,Annai Violet Arts and Science College,B.Com,B.Com Accounting And Finance, Chennai, Tamil Nadu,3.7,292,317,2025,"₹ 96,000",,,AICTE 
292,Km Mayawati Government Girls PG College,B.Com,B.Com, Gautam Budh Nagar, Uttar Pradesh,,293,317,2025,"₹ 5,540",,,UGC 
293,PB Siddhartha College Arts and Science,B.Com,B.Com, Vijayawada, Andhra Pradesh,4.1,294,317,2025,"₹ 75,000",,"6,00,000","AICTE, UGC "
294,Bishop Appasamy College of Arts and Science,B.Com,B.Com Computer Applications, Coimbatore, Tamil Nadu,3.9,295,317,2025,"₹ 84,000",,,"AICTE, UGC "
295,Sunbeam College for Women,B.Com,B.Com, Varanasi, Uttar Pradesh,3.7,296,317,2025,"₹ 1,76,270","4,00,000","12,00,000",UGC 
296,Institute of Innovation in Technology and Management,B.Com,B.Com {Hons.}, New Delhi, Delhi NCR,3.9,297,317,2025,"₹ 5,45,200",,"11,00,000",AICTE 
297,Soundarya Institute of Management and Science,B.Com,B.Com, Bangalore, Karnataka,4,298,317,2025,"₹ 1,85,000","6,12,000","12,50,000","AICTE, UGC "
298,Vellalar College for Women,B.Com,B.Com, Erode, Tamil Nadu,4.1,299,317,2025,"₹ 2,968",,,"AICTE, UGC "
299,Dr. B.R. Ambedkar Open University,B.Com,B.Com, Hyderabad, Telangana,4.2,300,317,2025,"₹ 9,200",,,UGC 
300,Periyar Maniammai Institute of Science and Technology,B.Com,B.Com, Thanjavur, Tamil Nadu,4,301,317,2025,"₹ 1,16,000",,"3,84,000","AICTE, COA, UGC "
301,RVS College of Arts and Science,B.Com,B.Com Computer Applications, Coimbatore, Tamil Nadu,4,302,317,2025,"₹ 66,000","2,50,000","10,00,000","AICTE, UGC "
302,Seshadripuram First Grade College,B.Com,B.Com, Bangalore, Karnataka,4.2,303,317,2025,"₹ 72,000","2,92,000","7,36,000",UGC 
303,Government Arts College,B.Com,B.Com, Salem, Tamil Nadu,4.2,304,317,2025,"₹ 2,945",,,UGC 
304,Shree Chandraprabhu Jain College Minjur,B.Com,B.Com Accounting And Finance, Mambalam, Tamil Nadu,3.9,305,317,2025,"₹ 69,000",,,
305,Arka Jain University,B.Com,B.Com {Hons.}, Jamshedpur, Jharkhand,4,306,317,2025,"₹ 1,92,000","3,20,000","23,00,000","AICTE, PCI, INC, BCI, UGC "
306,St. Pauls College,B.Com,B.Com, Bangalore, Karnataka,3.7,307,317,2025,"₹ 1,38,000",,,
307,SS Jain Subodh PG Mahila Mahavidyalaya,B.Com,B.Com Business Administration, Jaipur, Rajasthan,3.9,308,317,2025,"₹ 56,550",,,NCTE 
308,J.P. College of Arts and Science,B.Com,B.Com Computer Applications, Tenkasi, Tamil Nadu,4.1,309,317,2025,"₹ 8,925",,,AICTE 
309,St. Paul's Degree and PG College,B.Com,B.Com Computer Applications, Hyderabad, Telangana,2.6,311,317,2025,"₹ 1,47,000",,,
